"step","type","amount","nameOrig","oldbalanceOrg","newbalanceOrig","nameDest","oldbalanceDest","newbalanceDest","isFlaggedFraud"
0.0444743935309973,0.75,0.000133008849422886,0.191139567550552,0.000285494721016807,5.74417556340087e-05,0.735091179805628,0,0,0